雨中曲,9.0,歌舞,美国,https://movie.douban.com/subject/1293460/,https://img3.doubanio.com/view/photo/s_ratio_poster/public/p1612355875.jpg
吉屋出租：百老汇剧场版,9.0,歌舞,美国,https://movie.douban.com/subject/24857754/,https://img1.doubanio.com/view/photo/s_ratio_poster/public/p2037132488.jpg
林肯公园：革命之路,9.4,歌舞,美国,https://movie.douban.com/subject/3249999/,https://img3.doubanio.com/view/photo/s_ratio_poster/public/p2193776724.jpg
电话,9.1,歌舞,美国,https://movie.douban.com/subject/5150232/,https://img1.doubanio.com/view/photo/s_ratio_poster/public/p2014726909.jpg
Marry the Night,9.3,歌舞,美国,https://movie.douban.com/subject/10562601/,https://img3.doubanio.com/view/photo/s_ratio_poster/public/p1585739970.jpg
蝙蝠侠同人音乐剧,9.0,歌舞,美国,https://movie.douban.com/subject/10604551/,https://img3.doubanio.com/view/photo/s_ratio_poster/public/p1520323343.jpg
拜访森林,9.4,歌舞,美国,https://movie.douban.com/subject/25741291/,https://img3.doubanio.com/view/photo/s_ratio_poster/public/p2155898916.jpg
洛基恐怖致敬秀,9.2,歌舞,美国,https://movie.douban.com/subject/3539046/,https://img3.doubanio.com/view/subject/l/public/s3598686.jpg
周六夜现场：本·阿弗莱克/坎耶·威斯特,9.0,歌舞,美国,https://movie.douban.com/subject/24521861/,https://img1.doubanio.com/view/photo/s_ratio_poster/public/p2456874717.jpg
破铜烂铁演唱会,9.0,歌舞,美国,https://movie.douban.com/subject/3889838/,https://img1.doubanio.com/view/photo/s_ratio_poster/public/p895994987.jpg
Andrea Bocelli 2007意大利托斯卡纳演唱会,9.6,歌舞,美国,https://movie.douban.com/subject/3034290/,https://img3.doubanio.com/view/photo/s_ratio_poster/public/p2525222133.jpg
哈利同人音乐剧第一部,9.4,歌舞,美国,https://movie.douban.com/subject/20388406/,https://img3.doubanio.com/view/photo/s_ratio_poster/public/p2191854174.jpg
The Beatles Yellow Submarine Adventure,9.3,歌舞,美国,https://movie.douban.com/subject/2139531/,https://img3.doubanio.com/view/subject/l/public/s3320164.jpg
第65届托尼奖颁奖典礼,9.0,歌舞,美国,https://movie.douban.com/subject/6524065/,https://img3.doubanio.com/view/photo/s_ratio_poster/public/p1341186053.jpg
哈利波特同人音乐剧 第二部,9.0,歌舞,美国,https://movie.douban.com/subject/6958656/,https://img1.doubanio.com/view/photo/s_ratio_poster/public/p2229750548.jpg
百老汇女红伶,9.0,歌舞,美国,https://movie.douban.com/subject/1297153/,https://img3.doubanio.com/view/subject/l/public/s1662780.jpg
紫钗记,9.2,歌舞,香港,https://movie.douban.com/subject/1401219/,https://img1.doubanio.com/view/photo/s_ratio_poster/public/p2274298717.jpg
蝶影红梨记,9.1,歌舞,香港,https://movie.douban.com/subject/4047730/,https://img3.doubanio.com/view/photo/s_ratio_poster/public/p2517260323.jpg
莫文蔚: 好莫文蔚巡迴演唱會,9.3,歌舞,台湾,https://movie.douban.com/subject/4314336/,https://img3.doubanio.com/view/subject/l/public/s4199506.jpg
我和我的女孩,9.6,歌舞,日本,https://movie.douban.com/subject/11577118/,https://img3.doubanio.com/view/photo/s_ratio_poster/public/p2510934952.jpg
飄,9.5,歌舞,日本,https://movie.douban.com/subject/26555978/,https://img3.doubanio.com/view/photo/s_ratio_poster/public/p2256610543.jpg
转世熏风,9.4,歌舞,日本,https://movie.douban.com/subject/25745644/,https://img3.doubanio.com/view/photo/s_ratio_poster/public/p2317900073.jpg
杰尼斯跨年演唱会2015-2016,9.2,歌舞,日本,https://movie.douban.com/subject/26700736/,https://img3.doubanio.com/view/photo/s_ratio_poster/public/p2304716481.jpg
杰尼斯跨年演唱会2018-2019,9.0,歌舞,日本,https://movie.douban.com/subject/30420061/,https://img3.doubanio.com/view/photo/s_ratio_poster/public/p2544422894.jpg
剧院魅影：25周年纪念演出,9.7,歌舞,英国,https://movie.douban.com/subject/24751811/,https://img3.doubanio.com/view/photo/s_ratio_poster/public/p2006533765.jpg
剧匠魅影,9.4,歌舞,英国,https://movie.douban.com/subject/1305054/,https://img1.doubanio.com/view/photo/s_ratio_poster/public/p2503649749.jpg
Christina Aguilera: Back to Basics - Live and Down Under,9.4,歌舞,英国,https://movie.douban.com/subject/3060405/,https://img3.doubanio.com/view/photo/s_ratio_poster/public/p2498697744.jpg
歌厅,9.1,歌舞,英国,https://movie.douban.com/subject/4047130/,https://img3.doubanio.com/view/photo/s_ratio_poster/public/p2514836300.jpg
Pulp - Anthology,9.6,歌舞,英国,https://movie.douban.com/subject/1812288/,https://img3.doubanio.com/view/subject/l/public/s1681001.jpg
麦克.布雷见面会,9.3,歌舞,英国,https://movie.douban.com/subject/6284724/,https://img3.doubanio.com/view/photo/s_ratio_poster/public/p977345202.jpg
BBC喜剧音乐晚会,9.1,歌舞,英国,https://movie.douban.com/subject/10590735/,https://img3.doubanio.com/view/photo/s_ratio_poster/public/p2505928863.jpg
歌唱神探,9.0,歌舞,英国,https://movie.douban.com/subject/1499667/,https://img3.doubanio.com/view/photo/s_ratio_poster/public/p2523094110.jpg
德利布 葛蓓莉亚,9.0,歌舞,英国,https://movie.douban.com/subject/5168917/,https://img1.doubanio.com/view/photo/s_ratio_poster/public/p2541069668.jpg
怪鱼,9.0,歌舞,英国,https://movie.douban.com/subject/4015862/,https://img3.doubanio.com/view/subject/l/public/s3963974.jpg
摇滚莫扎特,9.4,歌舞,法国,https://movie.douban.com/subject/25754522/,https://img3.doubanio.com/view/photo/s_ratio_poster/public/p2312766343.jpg
罗密欧与朱丽叶,9.4,歌舞,法国,https://movie.douban.com/subject/25928148/,https://img3.doubanio.com/view/photo/s_ratio_poster/public/p2224933614.jpg
响舞,9.0,歌舞,法国,https://movie.douban.com/subject/1466198/,https://img1.doubanio.com/view/photo/s_ratio_poster/public/p551031558.jpg
Christina Aguilera: Back to Basics - Live and Down Under,9.4,歌舞,德国,https://movie.douban.com/subject/3060405/,https://img3.doubanio.com/view/photo/s_ratio_poster/public/p2498697744.jpg
The Beatles Yellow Submarine Adventure,9.3,歌舞,德国,https://movie.douban.com/subject/2139531/,https://img3.doubanio.com/view/subject/l/public/s3320164.jpg
响舞,9.0,歌舞,西班牙,https://movie.douban.com/subject/1466198/,https://img1.doubanio.com/view/photo/s_ratio_poster/public/p551031558.jpg
三傻大闹宝莱坞,9.2,歌舞,印度,https://movie.douban.com/subject/3793023/,https://img3.doubanio.com/view/photo/s_ratio_poster/public/p579729551.jpg
战争诗人,9.0,歌舞,印度,https://movie.douban.com/subject/3062866/,https://img1.doubanio.com/view/subject/l/public/s3357499.jpg
堂吉诃德,9.2,歌舞,俄罗斯,https://movie.douban.com/subject/3838100/,https://img3.doubanio.com/view/subject/l/public/s3874775.jpg
大河之舞1995,9.4,歌舞,爱尔兰,https://movie.douban.com/subject/1835118/,https://img1.doubanio.com/view/photo/s_ratio_poster/public/p1932522618.jpg
小红莓卡百利伦敦演唱会,9.3,歌舞,爱尔兰,https://movie.douban.com/subject/3027057/,https://img3.doubanio.com/view/photo/s_ratio_poster/public/p2340605176.jpg
疯狂动物城,9.2,冒险,美国,https://movie.douban.com/subject/25662329/,https://img1.doubanio.com/view/photo/s_ratio_poster/public/p2315672647.jpg
盗梦空间,9.3,冒险,美国,https://movie.douban.com/subject/3541415/,https://img3.doubanio.com/view/photo/s_ratio_poster/public/p513344864.jpg
星际穿越,9.2,冒险,美国,https://movie.douban.com/subject/1889243/,https://img3.doubanio.com/view/photo/s_ratio_poster/public/p2206088801.jpg
少年派的奇幻漂流,9.0,冒险,美国,https://movie.douban.com/subject/1929463/,https://img3.doubanio.com/view/photo/s_ratio_poster/public/p1784592701.jpg
机器人总动员,9.3,冒险,美国,https://movie.douban.com/subject/2131459/,https://img3.doubanio.com/view/photo/s_ratio_poster/public/p1461851991.jpg
指环王3：王者无敌,9.1,冒险,美国,https://movie.douban.com/subject/1291552/,https://img3.doubanio.com/view/photo/s_ratio_poster/public/p1910825503.jpg
指环王2：双塔奇兵,9.0,冒险,美国,https://movie.douban.com/subject/1291572/,https://img3.doubanio.com/view/photo/s_ratio_poster/public/p909265336.jpg
淘金记,9.0,冒险,美国,https://movie.douban.com/subject/1298817/,https://img3.doubanio.com/view/photo/s_ratio_poster/public/p1581774481.jpg
将军号,9.0,冒险,美国,https://movie.douban.com/subject/1292778/,https://img3.doubanio.com/view/photo/s_ratio_poster/public/p2248676081.jpg
丛林赤子心,9.1,冒险,美国,https://movie.douban.com/subject/1473562/,https://img3.doubanio.com/view/photo/s_ratio_poster/public/p2321248846.jpg
Ben 10：变身之谜,9.1,冒险,美国,https://movie.douban.com/subject/5187955/,https://img1.doubanio.com/view/photo/s_ratio_poster/public/p2320482809.jpg
魔法门之英雄无敌3：死亡阴影,9.2,冒险,美国,https://movie.douban.com/subject/4935231/,https://img3.doubanio.com/view/subject/l/public/s4432480.jpg
聪明狗走天涯,9.3,冒险,美国,https://movie.douban.com/subject/1297777/,https://img1.doubanio.com/view/subject/l/public/s1788447.jpg
野性的呼唤,9.0,冒险,美国,https://movie.douban.com/subject/1527271/,https://img3.doubanio.com/view/photo/s_ratio_poster/public/p2519381060.jpg
王者之路,9.2,冒险,美国,https://movie.douban.com/subject/2979518/,https://img3.doubanio.com/view/subject/l/public/s2886141.jpg
史努比的惊险夏令营,9.0,冒险,美国,https://movie.douban.com/subject/2139403/,https://img1.doubanio.com/view/photo/s_ratio_poster/public/p1979604578.jpg
大话西游之大圣娶亲,9.2,冒险,香港,https://movie.douban.com/subject/1292213/,https://img3.doubanio.com/view/photo/s_ratio_poster/public/p2455050536.jpg
少年派的奇幻漂流,9.0,冒险,台湾,https://movie.douban.com/subject/1929463/,https://img3.doubanio.com/view/photo/s_ratio_poster/public/p1784592701.jpg
龙猫,9.1,冒险,日本,https://movie.douban.com/subject/1291560/,https://img3.doubanio.com/view/photo/s_ratio_poster/public/p2540924496.jpg
天空之城,9.1,冒险,日本,https://movie.douban.com/subject/1291583/,https://img1.doubanio.com/view/photo/s_ratio_poster/public/p1446261379.jpg
七武士,9.2,冒险,日本,https://movie.douban.com/subject/1295399/,https://img3.doubanio.com/view/photo/s_ratio_poster/public/p647099823.jpg
数码宝贝大电影一：滚球兽的诞生,9.0,冒险,日本,https://movie.douban.com/subject/1303927/,https://img3.doubanio.com/view/photo/s_ratio_poster/public/p2525457080.jpg
虫师 续章 荆棘之路,9.2,冒险,日本,https://movie.douban.com/subject/25915882/,https://img3.doubanio.com/view/photo/s_ratio_poster/public/p2189258450.jpg
独角马之魔法岛,9.1,冒险,日本,https://movie.douban.com/subject/1845707/,https://img1.doubanio.com/view/photo/s_ratio_poster/public/p2528322297.jpg
盗梦空间,9.3,冒险,英国,https://movie.douban.com/subject/3541415/,https://img3.doubanio.com/view/photo/s_ratio_poster/public/p513344864.jpg
星际穿越,9.2,冒险,英国,https://movie.douban.com/subject/1889243/,https://img3.doubanio.com/view/photo/s_ratio_poster/public/p2206088801.jpg
少年派的奇幻漂流,9.0,冒险,英国,https://movie.douban.com/subject/1929463/,https://img3.doubanio.com/view/photo/s_ratio_poster/public/p1784592701.jpg
深夜小狗离奇事件,9.0,冒险,英国,https://movie.douban.com/subject/25698399/,https://img1.doubanio.com/view/photo/s_ratio_poster/public/p2091465967.jpg
神秘博士圣诞时刻,9.1,冒险,英国,https://movie.douban.com/subject/21354158/,https://img3.doubanio.com/view/subject/l/public/s24976003.jpg
怒海英雄：火攻船,9.1,冒险,英国,https://movie.douban.com/subject/1889694/,https://img3.doubanio.com/view/photo/s_ratio_poster/public/p2278610371.jpg
怒海英雄：回报,9.2,冒险,英国,https://movie.douban.com/subject/1889703/,https://img3.doubanio.com/view/photo/s_ratio_poster/public/p2278610124.jpg
水獭塔卡,9.0,冒险,英国,https://movie.douban.com/subject/2016065/,https://img1.doubanio.com/view/photo/s_ratio_poster/public/p2526848077.jpg
怒海英雄：忠诚,9.1,冒险,英国,https://movie.douban.com/subject/1889706/,https://img3.doubanio.com/view/photo/s_ratio_poster/public/p2325137626.jpg
怒海英雄：公爵夫人与恶魔,9.1,冒险,英国,https://movie.douban.com/subject/1889695/,https://img3.doubanio.com/view/photo/s_ratio_poster/public/p2278607774.jpg
怒海英雄：叛乱,9.1,冒险,英国,https://movie.douban.com/subject/1889700/,https://img1.doubanio.com/view/subject/l/public/s1832238.jpg
海蒂和爷爷,9.0,冒险,德国,https://movie.douban.com/subject/25958717/,https://img3.doubanio.com/view/photo/s_ratio_poster/public/p2332944143.jpg
黄金三镖客,9.1,冒险,意大利,https://movie.douban.com/subject/1401118/,https://img1.doubanio.com/view/photo/s_ratio_poster/public/p2101693489.jpg
革命往事,9.1,冒险,意大利,https://movie.douban.com/subject/1301026/,https://img1.doubanio.com/view/photo/s_ratio_poster/public/p2206010357.jpg
黄金三镖客,9.1,冒险,西班牙,https://movie.douban.com/subject/1401118/,https://img1.doubanio.com/view/photo/s_ratio_poster/public/p2101693489.jpg
星际穿越,9.2,冒险,加拿大,https://movie.douban.com/subject/1889243/,https://img3.doubanio.com/view/photo/s_ratio_poster/public/p2206088801.jpg
少年派的奇幻漂流,9.0,冒险,加拿大,https://movie.douban.com/subject/1929463/,https://img3.doubanio.com/view/photo/s_ratio_poster/public/p1784592701.jpg
追梦的人,9.2,冒险,加拿大,https://movie.douban.com/subject/2338188/,https://img3.doubanio.com/view/photo/s_ratio_poster/public/p2512664796.jpg
王者之路,9.2,冒险,加拿大,https://movie.douban.com/subject/2979518/,https://img3.doubanio.com/view/subject/l/public/s2886141.jpg
爱玛和丹尼尔的夏天,9.1,冒险,瑞典,https://movie.douban.com/subject/2258917/,https://img1.doubanio.com/view/subject/l/public/s2704847.jpg
辛德勒的名单,9.5,历史,美国,https://movie.douban.com/subject/1295124/,https://img3.doubanio.com/view/photo/s_ratio_poster/public/p492406163.jpg
末代皇帝,9.1,历史,美国,https://movie.douban.com/subject/1293172/,https://img3.doubanio.com/view/photo/s_ratio_poster/public/p452089833.jpg
乱世佳人,9.2,历史,美国,https://movie.douban.com/subject/1300267/,https://img3.doubanio.com/view/photo/s_ratio_poster/public/p1963126880.jpg
纽伦堡的审判,9.0,历史,美国,https://movie.douban.com/subject/1292589/,https://img3.doubanio.com/view/photo/s_ratio_poster/public/p922207281.jpg
活着,9.2,历史,香港,https://movie.douban.com/subject/1292365/,https://img3.doubanio.com/view/photo/s_ratio_poster/public/p2513253791.jpg
无言的山丘,9.0,历史,台湾,https://movie.douban.com/subject/1298944/,https://img3.doubanio.com/view/photo/s_ratio_poster/public/p2522310203.jpg
人间的条件(第五、六部),9.1,历史,日本,https://movie.douban.com/subject/1441039/,https://img3.doubanio.com/view/photo/s_ratio_poster/public/p2327866185.jpg
三国志：长江的燃烧,9.0,历史,日本,https://movie.douban.com/subject/4176666/,https://img3.doubanio.com/view/photo/s_ratio_poster/public/p2509584225.jpg
三国志：辽阔的大地,9.0,历史,日本,https://movie.douban.com/subject/4176667/,https://img3.doubanio.com/view/photo/s_ratio_poster/public/p2509584012.jpg
末代皇帝,9.1,历史,英国,https://movie.douban.com/subject/1293172/,https://img3.doubanio.com/view/photo/s_ratio_poster/public/p452089833.jpg
钢琴家,9.1,历史,英国,https://movie.douban.com/subject/1296736/,https://img3.doubanio.com/view/photo/s_ratio_poster/public/p792484461.jpg
新贵2017圣诞特辑,9.5,历史,英国,https://movie.douban.com/subject/27168693/,https://img3.doubanio.com/view/photo/s_ratio_poster/public/p2538133285.jpg
法国大革命,9.0,历史,英国,https://movie.douban.com/subject/2040152/,https://img1.doubanio.com/view/photo/s_ratio_poster/public/p2508682959.jpg
杰拉德自传,9.3,历史,英国,https://movie.douban.com/subject/1900831/,https://img3.doubanio.com/view/subject/l/public/s2578246.jpg
末代皇帝,9.1,历史,法国,https://movie.douban.com/subject/1293172/,https://img3.doubanio.com/view/photo/s_ratio_poster/public/p452089833.jpg
钢琴家,9.1,历史,法国,https://movie.douban.com/subject/1296736/,https://img3.doubanio.com/view/photo/s_ratio_poster/public/p792484461.jpg
法国大革命,9.0,历史,法国,https://movie.douban.com/subject/2040152/,https://img1.doubanio.com/view/photo/s_ratio_poster/public/p2508682959.jpg
钢琴家,9.1,历史,德国,https://movie.douban.com/subject/1296736/,https://img3.doubanio.com/view/photo/s_ratio_poster/public/p792484461.jpg
末代皇帝,9.1,历史,意大利,https://movie.douban.com/subject/1293172/,https://img3.doubanio.com/view/photo/s_ratio_poster/public/p452089833.jpg
法国大革命,9.0,历史,意大利,https://movie.douban.com/subject/2040152/,https://img1.doubanio.com/view/photo/s_ratio_poster/public/p2508682959.jpg
法国大革命,9.0,历史,加拿大,https://movie.douban.com/subject/2040152/,https://img1.doubanio.com/view/photo/s_ratio_poster/public/p2508682959.jpg
土豆工厂,9.3,历史,澳大利亚,https://movie.douban.com/subject/1793083/,https://img3.doubanio.com/view/photo/s_ratio_poster/public/p2233036824.jpg
